operation,property_type,title,description_es,price_amount,price_currency,bedrooms,bathrooms,parking,area_m2,land_m2,property_state,location_full_slug,location_name,address_text,lat,lng,contact_phone,source_external_id,source_url,image_urls
venta,casa,Casa moderna en Recoleta,"Excelente propiedad en Recoleta. Muy bien ubicada, lista para habitar. Consultá disponibilidad y financiación.",185000,USD,3,2,2,220,300,usado,asuncion/recoleta,,,,,0981 123 456,DEMO-001,,https://picsum.photos/seed/p1a/800/600|https://picsum.photos/seed/p1b/800/600|https://picsum.photos/seed/p1c/800/600
venta,casa,Casa con patio en Recoleta,"Excelente propiedad en Recoleta. Muy bien ubicada, lista para habitar. Consultá disponibilidad y financiación.",245000,USD,4,3,2,280,350,usado,asuncion/recoleta,,,,,0981 123 456,DEMO-002,,https://picsum.photos/seed/p2a/800/600|https://picsum.photos/seed/p2b/800/600|https://picsum.photos/seed/p2c/800/600
venta,departamento,Monoambiente céntrico en Recoleta,Departamento en Recoleta con excelente conectividad. Ideal para vivir o invertir.,132000,USD,2,2,1,88,,entrega_inmediata,asuncion/recoleta,,,,,0971 555 777,DEMO-003,,https://picsum.photos/seed/p3a/800/600|https://picsum.photos/seed/p3b/800/600|https://picsum.photos/seed/p3c/800/600
venta,departamento,Departamento amoblado en Recoleta,Departamento en Recoleta con excelente conectividad. Ideal para vivir o invertir.,98000,USD,1,1,1,55,,entrega_inmediata,asuncion/recoleta,,,,,0971 555 777,DEMO-004,,https://picsum.photos/seed/p4a/800/600|https://picsum.photos/seed/p4b/800/600|https://picsum.photos/seed/p4c/800/600
venta,casa,Casa con piscina en Recoleta,"Excelente propiedad en Recoleta. Muy bien ubicada, lista para habitar. Consultá disponibilidad y financiación.",162000,USD,3,2,2,205,260,entrega_inmediata,asuncion/recoleta,,,,,0985 200 100,DEMO-005,,https://picsum.photos/seed/p5a/800/600|https://picsum.photos/seed/p5b/800/600|https://picsum.photos/seed/p5c/800/600
venta,departamento,Departamento a estrenar en Villa Morra,Departamento en Villa Morra con excelente conectividad. Ideal para vivir o invertir.,118000,USD,2,2,1,78,,entrega_inmediata,asuncion/villa-morra,,,,,0982 640 330,DEMO-006,,https://picsum.photos/seed/p6a/800/600|https://picsum.photos/seed/p6b/800/600|https://picsum.photos/seed/p6c/800/600
venta,departamento,Departamento con balcón en Villa Morra,Departamento en Villa Morra con excelente conectividad. Ideal para vivir o invertir.,89000,USD,1,1,1,52,,en_construccion,asuncion/villa-morra,,,,,0982 640 330,DEMO-007,,https://picsum.photos/seed/p7a/800/600|https://picsum.photos/seed/p7b/800/600|https://picsum.photos/seed/p7c/800/600
venta,casa,Casa con patio en Villa Morra,"Excelente propiedad en Villa Morra. Muy bien ubicada, lista para habitar. Consultá disponibilidad y financiación.",320000,USD,4,3,2,340,400,usado,asuncion/villa-morra,,,,,0991 480 220,DEMO-008,,https://picsum.photos/seed/p8a/800/600|https://picsum.photos/seed/p8b/800/600|https://picsum.photos/seed/p8c/800/600
venta,departamento,Departamento amoblado en Villa Morra,Departamento en Villa Morra con excelente conectividad. Ideal para vivir o invertir.,156000,USD,3,3,1,110,,entrega_inmediata,asuncion/villa-morra,,,,,0991 480 220,DEMO-009,,https://picsum.photos/seed/p9a/800/600|https://picsum.photos/seed/p9b/800/600|https://picsum.photos/seed/p9c/800/600
venta,casa,Casa a estrenar en Villa Morra,"Excelente propiedad en Villa Morra. Muy bien ubicada, lista para habitar. Consultá disponibilidad y financiación.",210000,USD,3,2,2,240,300,usado,asuncion/villa-morra,,,,,0985 200 100,DEMO-010,,https://picsum.photos/seed/p10a/800/600|https://picsum.photos/seed/p10b/800/600|https://picsum.photos/seed/p10c/800/600
venta,casa,Casa con piscina en Luque,"Excelente propiedad en Luque. Muy bien ubicada, lista para habitar. Consultá disponibilidad y financiación.",95000,USD,3,2,2,160,240,usado,central/luque,,,,,0983 770 110,DEMO-011,,https://picsum.photos/seed/p11a/800/600|https://picsum.photos/seed/p11b/800/600|https://picsum.photos/seed/p11c/800/600
venta,casa,Residencia amplia en Luque,"Excelente propiedad en Luque. Muy bien ubicada, lista para habitar. Consultá disponibilidad y financiación.",128000,USD,4,3,2,200,300,usado,central/luque,,,,,0983 770 110,DEMO-012,,https://picsum.photos/seed/p12a/800/600|https://picsum.photos/seed/p12b/800/600|https://picsum.photos/seed/p12c/800/600
venta,terreno,Terreno en Luque,"Lote en Luque, zona en crecimiento. Ideal para construir o invertir.",60000,USD,,,,,450,usado,central/luque,,,,,0975 330 990,DEMO-013,,https://picsum.photos/seed/p13a/800/600|https://picsum.photos/seed/p13b/800/600|https://picsum.photos/seed/p13c/800/600
venta,terreno,Terreno en Luque,"Lote en Luque, zona en crecimiento. Ideal para construir o invertir.",48000,USD,,,,,360,usado,central/luque,,,,,0975 330 990,DEMO-014,,https://picsum.photos/seed/p14a/800/600|https://picsum.photos/seed/p14b/800/600|https://picsum.photos/seed/p14c/800/600
venta,casa,Casa familiar en Luque,"Excelente propiedad en Luque. Muy bien ubicada, lista para habitar. Consultá disponibilidad y financiación.",78000,USD,2,1,2,120,200,en_construccion,central/luque,,,,,0961 220 440,DEMO-015,,https://picsum.photos/seed/p15a/800/600|https://picsum.photos/seed/p15b/800/600|https://picsum.photos/seed/p15c/800/600
venta,casa,Casa a estrenar en Las Mercedes,"Excelente propiedad en Las Mercedes. Muy bien ubicada, lista para habitar. Consultá disponibilidad y financiación.",275000,USD,4,3,2,300,360,usado,asuncion/las-mercedes,,,,,0981 123 456,DEMO-016,,https://picsum.photos/seed/p16a/800/600|https://picsum.photos/seed/p16b/800/600|https://picsum.photos/seed/p16c/800/600
venta,departamento,Departamento con balcón en Las Mercedes,Departamento en Las Mercedes con excelente conectividad. Ideal para vivir o invertir.,145000,USD,2,2,1,95,,entrega_inmediata,asuncion/las-mercedes,,,,,0971 555 777,DEMO-017,,https://picsum.photos/seed/p17a/800/600|https://picsum.photos/seed/p17b/800/600|https://picsum.photos/seed/p17c/800/600
venta,casa,Residencia amplia en Carmelitas,"Excelente propiedad en Carmelitas. Muy bien ubicada, lista para habitar. Consultá disponibilidad y financiación.",298000,USD,4,3,2,320,380,usado,asuncion/carmelitas,,,,,0985 200 100,DEMO-018,,https://picsum.photos/seed/p18a/800/600|https://picsum.photos/seed/p18b/800/600|https://picsum.photos/seed/p18c/800/600
venta,departamento,Departamento amoblado en Carmelitas,Departamento en Carmelitas con excelente conectividad. Ideal para vivir o invertir.,175000,USD,3,3,1,120,,entrega_inmediata,asuncion/carmelitas,,,,,0982 640 330,DEMO-019,,https://picsum.photos/seed/p19a/800/600|https://picsum.photos/seed/p19b/800/600|https://picsum.photos/seed/p19c/800/600
venta,casa,Casa con patio en Mburicaó,"Excelente propiedad en Mburicaó. Muy bien ubicada, lista para habitar. Consultá disponibilidad y financiación.",132000,USD,3,2,2,180,250,usado,asuncion/mburicao,,,,,0991 480 220,DEMO-020,,https://picsum.photos/seed/p20a/800/600|https://picsum.photos/seed/p20b/800/600|https://picsum.photos/seed/p20c/800/600
venta,departamento,Departamento a estrenar en Sajonia,Departamento en Sajonia con excelente conectividad. Ideal para vivir o invertir.,72000,USD,1,1,1,48,,usado,asuncion/sajonia,,,,,0983 770 110,DEMO-021,,https://picsum.photos/seed/p21a/800/600|https://picsum.photos/seed/p21b/800/600|https://picsum.photos/seed/p21c/800/600
venta,casa,Casa a estrenar en Trinidad,"Excelente propiedad en Trinidad. Muy bien ubicada, lista para habitar. Consultá disponibilidad y financiación.",148000,USD,3,2,2,190,260,usado,asuncion/trinidad,,,,,0975 330 990,DEMO-022,,https://picsum.photos/seed/p22a/800/600|https://picsum.photos/seed/p22b/800/600|https://picsum.photos/seed/p22c/800/600
venta,casa,Casa con piscina en San Lorenzo,"Excelente propiedad en San Lorenzo. Muy bien ubicada, lista para habitar. Consultá disponibilidad y financiación.",89000,USD,3,2,2,150,220,usado,central/san-lorenzo,,,,,0961 220 440,DEMO-023,,https://picsum.photos/seed/p23a/800/600|https://picsum.photos/seed/p23b/800/600|https://picsum.photos/seed/p23c/800/600
venta,departamento,Departamento amoblado en San Lorenzo,Departamento en San Lorenzo con excelente conectividad. Ideal para vivir o invertir.,63000,USD,2,2,1,60,,usado,central/san-lorenzo,,,,,0981 123 456,DEMO-024,,https://picsum.photos/seed/p24a/800/600|https://picsum.photos/seed/p24b/800/600|https://picsum.photos/seed/p24c/800/600
venta,casa,Casa moderna en Fernando de la Mora,"Excelente propiedad en Fernando de la Mora. Muy bien ubicada, lista para habitar. Consultá disponibilidad y financiación.",112000,USD,3,2,2,170,240,usado,central/fernando-de-la-mora,,,,,0971 555 777,DEMO-025,,https://picsum.photos/seed/p25a/800/600|https://picsum.photos/seed/p25b/800/600|https://picsum.photos/seed/p25c/800/600
venta,casa,Casa con patio en Lambaré,"Excelente propiedad en Lambaré. Muy bien ubicada, lista para habitar. Consultá disponibilidad y financiación.",134000,USD,3,2,2,185,250,usado,central/lambare,,,,,0985 200 100,DEMO-026,,https://picsum.photos/seed/p26a/800/600|https://picsum.photos/seed/p26b/800/600|https://picsum.photos/seed/p26c/800/600
venta,departamento,Departamento con balcón en Lambaré,Departamento en Lambaré con excelente conectividad. Ideal para vivir o invertir.,78000,USD,2,2,1,58,,usado,central/lambare,,,,,0982 640 330,DEMO-027,,https://picsum.photos/seed/p27a/800/600|https://picsum.photos/seed/p27b/800/600|https://picsum.photos/seed/p27c/800/600
venta,casa,Casa a estrenar en Capiatá,"Excelente propiedad en Capiatá. Muy bien ubicada, lista para habitar. Consultá disponibilidad y financiación.",68000,USD,2,1,2,110,300,usado,central/capiata,,,,,0991 480 220,DEMO-028,,https://picsum.photos/seed/p28a/800/600|https://picsum.photos/seed/p28b/800/600|https://picsum.photos/seed/p28c/800/600
venta,terreno,Terreno en Capiatá,"Lote en Capiatá, zona en crecimiento. Ideal para construir o invertir.",35000,USD,,,,,400,usado,central/capiata,,,,,0983 770 110,DEMO-029,,https://picsum.photos/seed/p29a/800/600|https://picsum.photos/seed/p29b/800/600|https://picsum.photos/seed/p29c/800/600
venta,casa,Residencia amplia en Ñemby,"Excelente propiedad en Ñemby. Muy bien ubicada, lista para habitar. Consultá disponibilidad y financiación.",74000,USD,3,2,2,140,280,usado,central/nemby,,,,,0975 330 990,DEMO-030,,https://picsum.photos/seed/p30a/800/600|https://picsum.photos/seed/p30b/800/600|https://picsum.photos/seed/p30c/800/600
venta,casa,Casa moderna en Villa Elisa,"Excelente propiedad en Villa Elisa. Muy bien ubicada, lista para habitar. Consultá disponibilidad y financiación.",119000,USD,3,2,2,175,260,usado,central/villa-elisa,,,,,0961 220 440,DEMO-031,,https://picsum.photos/seed/p31a/800/600|https://picsum.photos/seed/p31b/800/600|https://picsum.photos/seed/p31c/800/600
venta,departamento,Departamento con balcón en Ciudad del Este,Departamento en Ciudad del Este con excelente conectividad. Ideal para vivir o invertir.,95000,USD,2,2,1,80,,entrega_inmediata,alto-parana/ciudad-del-este,,,,,0981 123 456,DEMO-032,,https://picsum.photos/seed/p32a/800/600|https://picsum.photos/seed/p32b/800/600|https://picsum.photos/seed/p32c/800/600
venta,casa,Casa familiar en Ciudad del Este,"Excelente propiedad en Ciudad del Este. Muy bien ubicada, lista para habitar. Consultá disponibilidad y financiación.",165000,USD,4,3,2,240,320,usado,alto-parana/ciudad-del-este,,,,,0971 555 777,DEMO-033,,https://picsum.photos/seed/p33a/800/600|https://picsum.photos/seed/p33b/800/600|https://picsum.photos/seed/p33c/800/600
venta,departamento,Departamento amoblado en Encarnación,Departamento en Encarnación con excelente conectividad. Ideal para vivir o invertir.,82000,USD,2,2,1,70,,entrega_inmediata,itapua/encarnacion,,,,,0985 200 100,DEMO-034,,https://picsum.photos/seed/p34a/800/600|https://picsum.photos/seed/p34b/800/600|https://picsum.photos/seed/p34c/800/600
venta,casa,Casa con piscina en Encarnación,"Excelente propiedad en Encarnación. Muy bien ubicada, lista para habitar. Consultá disponibilidad y financiación.",143000,USD,3,2,2,200,300,usado,itapua/encarnacion,,,,,0982 640 330,DEMO-035,,https://picsum.photos/seed/p35a/800/600|https://picsum.photos/seed/p35b/800/600|https://picsum.photos/seed/p35c/800/600
alquiler,departamento,Departamento en alquiler en Recoleta,Alquiler en Recoleta. Tu próximo lugar te espera. Consultá requisitos y disponibilidad.,4500000,PYG,2,1,1,80,,usado,asuncion/recoleta,,,,,0991 480 220,DEMO-036,,https://picsum.photos/seed/p36a/800/600|https://picsum.photos/seed/p36b/800/600|https://picsum.photos/seed/p36c/800/600
alquiler,departamento,Departamento en alquiler en Villa Morra,Alquiler en Villa Morra. Tu próximo lugar te espera. Consultá requisitos y disponibilidad.,3800000,PYG,1,1,1,55,,usado,asuncion/villa-morra,,,,,0983 770 110,DEMO-037,,https://picsum.photos/seed/p37a/800/600|https://picsum.photos/seed/p37b/800/600|https://picsum.photos/seed/p37c/800/600
alquiler,departamento,Departamento en alquiler en Las Mercedes,Alquiler en Las Mercedes. Tu próximo lugar te espera. Consultá requisitos y disponibilidad.,5200000,PYG,3,1,1,110,,usado,asuncion/las-mercedes,,,,,0975 330 990,DEMO-038,,https://picsum.photos/seed/p38a/800/600|https://picsum.photos/seed/p38b/800/600|https://picsum.photos/seed/p38c/800/600
alquiler,departamento,Departamento en alquiler en Carmelitas,Alquiler en Carmelitas. Tu próximo lugar te espera. Consultá requisitos y disponibilidad.,6000000,PYG,3,1,1,120,,usado,asuncion/carmelitas,,,,,0961 220 440,DEMO-039,,https://picsum.photos/seed/p39a/800/600|https://picsum.photos/seed/p39b/800/600|https://picsum.photos/seed/p39c/800/600
alquiler,departamento,Departamento en alquiler en Luque,Alquiler en Luque. Tu próximo lugar te espera. Consultá requisitos y disponibilidad.,2600000,PYG,2,1,1,70,,usado,central/luque,,,,,0981 123 456,DEMO-040,,https://picsum.photos/seed/p40a/800/600|https://picsum.photos/seed/p40b/800/600|https://picsum.photos/seed/p40c/800/600
alquiler,departamento,Departamento en alquiler en San Lorenzo,Alquiler en San Lorenzo. Tu próximo lugar te espera. Consultá requisitos y disponibilidad.,2200000,PYG,2,1,1,65,,usado,central/san-lorenzo,,,,,0971 555 777,DEMO-041,,https://picsum.photos/seed/p41a/800/600|https://picsum.photos/seed/p41b/800/600|https://picsum.photos/seed/p41c/800/600
alquiler,departamento,Departamento en alquiler en Sajonia,Alquiler en Sajonia. Tu próximo lugar te espera. Consultá requisitos y disponibilidad.,2800000,PYG,1,1,1,50,,usado,asuncion/sajonia,,,,,0985 200 100,DEMO-042,,https://picsum.photos/seed/p42a/800/600|https://picsum.photos/seed/p42b/800/600|https://picsum.photos/seed/p42c/800/600
alquiler,departamento,Departamento en alquiler en Lambaré,Alquiler en Lambaré. Tu próximo lugar te espera. Consultá requisitos y disponibilidad.,3100000,PYG,2,1,1,72,,usado,central/lambare,,,,,0982 640 330,DEMO-043,,https://picsum.photos/seed/p43a/800/600|https://picsum.photos/seed/p43b/800/600|https://picsum.photos/seed/p43c/800/600
alquiler,departamento,Departamento en alquiler en Recoleta,Alquiler en Recoleta. Tu próximo lugar te espera. Consultá requisitos y disponibilidad.,750,USD,1,1,1,48,,usado,asuncion/recoleta,,,,,0991 480 220,DEMO-044,,https://picsum.photos/seed/p44a/800/600|https://picsum.photos/seed/p44b/800/600|https://picsum.photos/seed/p44c/800/600
alquiler,departamento,Departamento en alquiler en Villa Morra,Alquiler en Villa Morra. Tu próximo lugar te espera. Consultá requisitos y disponibilidad.,900,USD,2,1,1,68,,usado,asuncion/villa-morra,,,,,0983 770 110,DEMO-045,,https://picsum.photos/seed/p45a/800/600|https://picsum.photos/seed/p45b/800/600|https://picsum.photos/seed/p45c/800/600
alquiler,departamento,Departamento en alquiler en Fernando de la Mora,Alquiler en Fernando de la Mora. Tu próximo lugar te espera. Consultá requisitos y disponibilidad.,2400000,PYG,2,1,1,60,,usado,central/fernando-de-la-mora,,,,,0975 330 990,DEMO-046,,https://picsum.photos/seed/p46a/800/600|https://picsum.photos/seed/p46b/800/600|https://picsum.photos/seed/p46c/800/600
alquiler,departamento,Departamento en alquiler en Trinidad,Alquiler en Trinidad. Tu próximo lugar te espera. Consultá requisitos y disponibilidad.,2900000,PYG,2,1,1,75,,usado,asuncion/trinidad,,,,,0961 220 440,DEMO-047,,https://picsum.photos/seed/p47a/800/600|https://picsum.photos/seed/p47b/800/600|https://picsum.photos/seed/p47c/800/600
